dt_ms,window_idx,window_start,window_end,spatial_tolerance,temporal_tolerance,cancellation_rate,total_roi_real,total_roi_cancelled,total_matched_pairs,mean_disp_px,frac_matches_ge_3px,frac_matches_ge_5px
0,1,5.0,9.999999046325684,1.0,0.5,0.13755909857660764,36287676,49917,49917,0.0,0.0,0.0
0,1,5.0,9.999999046325684,2.0,2.5,0.13745713558509506,36287676,49880,49880,4.0096230954290296e-05,0.0,0.0
0,1,5.0,9.999999046325684,2.0,4.5,0.13743784528940348,36287676,49873,49873,4.010185872115172e-05,0.0,0.0
